<?xml version="1.0" encoding="UTF-8"?>
<definitions xmlns="http://www.omg.org/spec/BPMN/20100524/MODEL" xmlns:xsi="http://www.w3.org/2001/XMLSchema-instance" xmlns:xsd="http://www.w3.org/2001/XMLSchema" xmlns:activiti="http://activiti.org/bpmn" xmlns:bpmndi="http://www.omg.org/spec/BPMN/20100524/DI" xmlns:omgdc="http://www.omg.org/spec/DD/20100524/DC" xmlns:omgdi="http://www.omg.org/spec/DD/20100524/DI" typeLanguage="http://www.w3.org/2001/XMLSchema" expressionLanguage="http://www.w3.org/1999/XPath" targetNamespace="故障报修">
  <process id="FaultRepairOrder" name="故障报修流程" isExecutable="true">
    <startEvent id="sid-2CDC78CB-8ED0-47F3-88C4-BBEA4262AD2B" name="工单报修" activiti:formKey="modules/faultOrder/faultOrderCreate"></startEvent>
    <serviceTask id="autodisp" name="自动任务：根据配置的派单规则进行派单" activiti:class="com.tiansu.eam.modules.faultOrder.service.GetOrderDispConfigService">
      <extensionElements>
        <activiti:field name="disp_type">
          <activiti:string><![CDATA[0]]></activiti:string>
        </activiti:field>
      </extensionElements>
    </serviceTask>
    <userTask id="order_manual_disp" name="人工派单" activiti:async="true" activiti:candidateUsers="tiger" activiti:candidateGroups="sysadmin"></userTask>
    <sequenceFlow id="sid-87F131D3-52A9-4BBD-84D8-B33AE0915C1A" sourceRef="order_manual_disp" targetRef="sid-29F0C401-1AB0-499B-ACED-7B3BF06D4AC9"></sequenceFlow>
    <userTask id="sid-29F0C401-1AB0-499B-ACED-7B3BF06D4AC9" name="接单/转单" activiti:formKey="faultOrder.bpmn20/transferSelect.jsp">
      <extensionElements>
        <activiti:taskListener event="complete" class="com.tiansu.eam.modules.faultOrder.service.AfterRequestOrder">
          <activiti:field name="result">
            <activiti:expression><![CDATA[${transfer}]]></activiti:expression>
          </activiti:field>
          <activiti:field name="reason">
            <activiti:expression><![CDATA[${reason}]]></activiti:expression>
          </activiti:field>
          <activiti:field name="opType">
            <activiti:string><![CDATA[1]]></activiti:string>
          </activiti:field>
        </activiti:taskListener>
        <activiti:taskListener event="create" class="com.tiansu.eam.modules.faultOrder.service.SetParticipantForActivity">
          <activiti:field name="activityName">
            <activiti:string><![CDATA[待接单]]></activiti:string>
          </activiti:field>
        </activiti:taskListener>
      </extensionElements>
    </userTask>
    <userTask id="sid-9B239DF3-F248-48B8-B5C6-F07C8B6F8E6F" name="转单审批" activiti:candidateGroups="sysadmin" activiti:formKey="faultOrder.bpmn20/faultOrderApprove.jsp">
      <extensionElements>
        <activiti:taskListener event="complete" class="com.tiansu.eam.modules.faultOrder.service.AfterApproveOrder">
          <activiti:field name="result">
            <activiti:expression><![CDATA[${result}]]></activiti:expression>
          </activiti:field>
          <activiti:field name="remark">
            <activiti:expression><![CDATA[${remark}]]></activiti:expression>
          </activiti:field>
          <activiti:field name="opType">
            <activiti:string><![CDATA[转单]]></activiti:string>
          </activiti:field>
        </activiti:taskListener>
      </extensionElements>
    </userTask>
    <userTask id="sid-57791743-074F-401E-90D8-A5ECAB879DE8" name="确认到达" activiti:formKey="faultOrder.bpmn20/faultOrderArrive.jsp">
      <extensionElements>
        <activiti:taskListener event="complete" class="com.tiansu.eam.modules.faultOrder.service.AfterArriveOrder">
          <activiti:field name="xFilePath">
            <activiti:expression><![CDATA[${xFilePath}]]></activiti:expression>
          </activiti:field>
        </activiti:taskListener>
        <activiti:taskListener event="create" class="com.tiansu.eam.modules.faultOrder.service.SetParticipantForActivity">
          <activiti:field name="activityName">
            <activiti:string><![CDATA[待到达]]></activiti:string>
          </activiti:field>
        </activiti:taskListener>
      </extensionElements>
    </userTask>
    <userTask id="sid-05AAE1FF-E8B0-4C60-A1FA-3D38714DAAA4" name="挂起/反馈" activiti:formKey="faultOrder.bpmn20/faultOrderFinish.jsp">
      <extensionElements>
        <activiti:taskListener event="complete" class="com.tiansu.eam.modules.faultOrder.service.AfterRequestOrder">
          <activiti:field name="result">
            <activiti:expression><![CDATA[${result}]]></activiti:expression>
          </activiti:field>
          <activiti:field name="reason">
            <activiti:expression><![CDATA[${reason}]]></activiti:expression>
          </activiti:field>
          <activiti:field name="opType">
            <activiti:string><![CDATA[2]]></activiti:string>
          </activiti:field>
        </activiti:taskListener>
        <activiti:taskListener event="create" class="com.tiansu.eam.modules.faultOrder.service.SetParticipantForActivity">
          <activiti:field name="activityName">
            <activiti:string><![CDATA[申请挂起]]></activiti:string>
          </activiti:field>
        </activiti:taskListener>
      </extensionElements>
    </userTask>
    <userTask id="sid-BA0421FC-51C1-49A4-9A0A-FF40374E80A3" name="挂起审批" activiti:candidateUsers="tiger" activiti:candidateGroups="sysadmin" activiti:formKey="faultOrder.bpmn20/faultOrderApprove.jsp">
      <extensionElements>
        <activiti:taskListener event="complete" class="com.tiansu.eam.modules.faultOrder.service.AfterApproveOrder">
          <activiti:field name="result">
            <activiti:expression><![CDATA[${result}]]></activiti:expression>
          </activiti:field>
          <activiti:field name="remark">
            <activiti:expression><![CDATA[${remark}]]></activiti:expression>
          </activiti:field>
          <activiti:field name="opType">
            <activiti:string><![CDATA[挂起]]></activiti:string>
          </activiti:field>
        </activiti:taskListener>
      </extensionElements>
    </userTask>
    <userTask id="sid-D73BAEBF-B498-4414-94AB-A1542B8081A0" name="解挂">
      <extensionElements>
        <activiti:taskListener event="complete" class="com.tiansu.eam.modules.faultOrder.service.AfterRequestOrder">
          <activiti:field name="result">
            <activiti:expression><![CDATA[${result}]]></activiti:expression>
          </activiti:field>
          <activiti:field name="reason">
            <activiti:expression><![CDATA[${reason}]]></activiti:expression>
          </activiti:field>
          <activiti:field name="opType">
            <activiti:string><![CDATA[解挂]]></activiti:string>
          </activiti:field>
        </activiti:taskListener>
        <activiti:taskListener event="create" class="com.tiansu.eam.modules.faultOrder.service.SetParticipantForActivity">
          <activiti:field name="activityName">
            <activiti:string><![CDATA[解挂]]></activiti:string>
          </activiti:field>
        </activiti:taskListener>
      </extensionElements>
    </userTask>
    <userTask id="sid-39DAC04C-11D5-4D94-BADC-C6CE17451570" name="验收" activiti:candidateGroups="sysadmin" activiti:formKey="faultOrder.bpmn20/faultOrderApprove.jsp">
      <extensionElements>
        <activiti:taskListener event="complete" class="com.tiansu.eam.modules.faultOrder.service.AfterApproveOrder">
          <activiti:field name="result">
            <activiti:expression><![CDATA[${result}]]></activiti:expression>
          </activiti:field>
          <activiti:field name="remark">
            <activiti:expression><![CDATA[${remark}]]></activiti:expression>
          </activiti:field>
          <activiti:field name="opType">
            <activiti:string><![CDATA[验收]]></activiti:string>
          </activiti:field>
        </activiti:taskListener>
      </extensionElements>
    </userTask>
    <userTask id="sid-D65FA819-DF77-4DDE-A149-EC26AFAE3456" name="评价" activiti:candidateUsers="tiger" activiti:formKey="faultOrder.bpmn20/faultOrderEvaluate.jsp">
      <extensionElements>
        <activiti:taskListener event="create" class="com.tiansu.eam.modules.faultOrder.service.SetParticipantForActivity">
          <activiti:field name="activityName">
            <activiti:string><![CDATA[待评价]]></activiti:string>
          </activiti:field>
        </activiti:taskListener>
        <activiti:taskListener event="complete" class="com.tiansu.eam.modules.faultOrder.service.AfterEvaluateOrder">
          <activiti:field name="avgScore">
            <activiti:expression><![CDATA[${avgScore}]]></activiti:expression>
          </activiti:field>
          <activiti:field name="evaluate">
            <activiti:expression><![CDATA[${evaluate}]]></activiti:expression>
          </activiti:field>
        </activiti:taskListener>
      </extensionElements>
    </userTask>
    <userTask id="sid-D4909892-7A01-4EFD-9641-C4BA49114E1D" name="归档审批" activiti:candidateUsers="tiger" activiti:candidateGroups="sysadmin" activiti:formKey="faultOrder.bpmn20/faultOrderApprove.jsp">
      <extensionElements>
        <activiti:taskListener event="complete" class="com.tiansu.eam.modules.faultOrder.service.AfterApproveOrder">
          <activiti:field name="result">
            <activiti:expression><![CDATA[${result}]]></activiti:expression>
          </activiti:field>
          <activiti:field name="remark">
            <activiti:expression><![CDATA[${remark}]]></activiti:expression>
          </activiti:field>
          <activiti:field name="opType">
            <activiti:string><![CDATA[归档]]></activiti:string>
          </activiti:field>
        </activiti:taskListener>
      </extensionElements>
    </userTask>
    <endEvent id="sid-69A0EDCA-B29D-4634-AE9C-D9A3FD8210D8"></endEvent>
    <sequenceFlow id="sid-701A2E32-9E06-4AB4-8C84-28E0CD170AD4" sourceRef="sid-2CDC78CB-8ED0-47F3-88C4-BBEA4262AD2B" targetRef="autodisp"></sequenceFlow>
    <serviceTask id="sid-EB5C9DAF-5FEA-4F54-B601-82A12B52EF64" name="自动派单" activiti:class="com.tiansu.eam.modules.faultOrder.service.FaultOrderAutoDispService"></serviceTask>
    <serviceTask id="sid-E2419B99-7B2E-4E0B-A7EF-3C74BF89C53F" name="自动派单+抢单" activiti:class="com.tiansu.eam.modules.faultOrder.service.FaultOrderGrabDispService"></serviceTask>
    <sequenceFlow id="sid-215DA08B-BD3F-47B8-AE58-7B0720A89F60" sourceRef="autodisp" targetRef="sid-EB5C9DAF-5FEA-4F54-B601-82A12B52EF64">
      <conditionExpression xsi:type="tFormalExpression"><![CDATA[${disp_type == 2}]]></conditionExpression>
    </sequenceFlow>
    <sequenceFlow id="sid-6E0F962E-7D73-4C77-994E-7C545146C94D" sourceRef="sid-EB5C9DAF-5FEA-4F54-B601-82A12B52EF64" targetRef="sid-29F0C401-1AB0-499B-ACED-7B3BF06D4AC9"></sequenceFlow>
    <sequenceFlow id="sid-4032B5F5-04DF-409C-B236-BC6CF75A6F16" sourceRef="sid-E2419B99-7B2E-4E0B-A7EF-3C74BF89C53F" targetRef="sid-29F0C401-1AB0-499B-ACED-7B3BF06D4AC9"></sequenceFlow>
    <sequenceFlow id="sid-A64A4433-E971-42EA-AE1E-307EFA623A7F" sourceRef="sid-29F0C401-1AB0-499B-ACED-7B3BF06D4AC9" targetRef="sid-57791743-074F-401E-90D8-A5ECAB879DE8">
      <conditionExpression xsi:type="tFormalExpression"><![CDATA[${transfer==0}]]></conditionExpression>
    </sequenceFlow>
    <sequenceFlow id="sid-882523D1-3901-4DA5-9368-F79D4C2BC1B0" sourceRef="sid-D73BAEBF-B498-4414-94AB-A1542B8081A0" targetRef="sid-05AAE1FF-E8B0-4C60-A1FA-3D38714DAAA4"></sequenceFlow>
    <sequenceFlow id="sid-6546CD23-EE8F-4912-988E-2FAFCE1F7227" sourceRef="sid-D4909892-7A01-4EFD-9641-C4BA49114E1D" targetRef="sid-69A0EDCA-B29D-4634-AE9C-D9A3FD8210D8"></sequenceFlow>
    <sequenceFlow id="sid-615DCA39-C6A9-4244-811F-54CBCDA0397E" sourceRef="sid-57791743-074F-401E-90D8-A5ECAB879DE8" targetRef="sid-05AAE1FF-E8B0-4C60-A1FA-3D38714DAAA4"></sequenceFlow>
    <sequenceFlow id="sid-566A51C8-0863-4548-ADED-D7376A49C3FD" name="挂起申请" sourceRef="sid-05AAE1FF-E8B0-4C60-A1FA-3D38714DAAA4" targetRef="sid-BA0421FC-51C1-49A4-9A0A-FF40374E80A3">
      <conditionExpression xsi:type="tFormalExpression"><![CDATA[${hangup==1}]]></conditionExpression>
    </sequenceFlow>
    <sequenceFlow id="sid-3374A528-4DEC-4993-8B13-4453BB910D8F" name="驳回" sourceRef="sid-BA0421FC-51C1-49A4-9A0A-FF40374E80A3" targetRef="sid-05AAE1FF-E8B0-4C60-A1FA-3D38714DAAA4">
      <conditionExpression xsi:type="tFormalExpression"><![CDATA[${approved==0}]]></conditionExpression>
    </sequenceFlow>
    <sequenceFlow id="sid-330970F3-0B14-423A-9E6A-524448D942BD" name="通过" sourceRef="sid-BA0421FC-51C1-49A4-9A0A-FF40374E80A3" targetRef="sid-D73BAEBF-B498-4414-94AB-A1542B8081A0">
      <conditionExpression xsi:type="tFormalExpression"><![CDATA[${approved==1}]]></conditionExpression>
    </sequenceFlow>
    <sequenceFlow id="sid-CFA243F0-728F-4703-A410-E10D419EF03A" name="审批驳回" sourceRef="sid-9B239DF3-F248-48B8-B5C6-F07C8B6F8E6F" targetRef="sid-57791743-074F-401E-90D8-A5ECAB879DE8">
      <conditionExpression xsi:type="tFormalExpression"><![CDATA[${approved==0}]]></conditionExpression>
    </sequenceFlow>
    <sequenceFlow id="sid-7D0A01EA-3900-4156-87A2-84FA97FC65DE" name="通过" sourceRef="sid-39DAC04C-11D5-4D94-BADC-C6CE17451570" targetRef="sid-D65FA819-DF77-4DDE-A149-EC26AFAE3456">
      <conditionExpression xsi:type="tFormalExpression"><![CDATA[${approved==1}]]></conditionExpression>
    </sequenceFlow>
    <sequenceFlow id="sid-D12AE479-602A-42FB-841A-63E504929CD4" sourceRef="sid-D65FA819-DF77-4DDE-A149-EC26AFAE3456" targetRef="sid-D4909892-7A01-4EFD-9641-C4BA49114E1D"></sequenceFlow>
    <sequenceFlow id="sid-23B7B7EF-2FB0-4019-925B-CAD6CD43D2C2" name="不通过" sourceRef="sid-39DAC04C-11D5-4D94-BADC-C6CE17451570" targetRef="sid-05AAE1FF-E8B0-4C60-A1FA-3D38714DAAA4">
      <conditionExpression xsi:type="tFormalExpression"><![CDATA[${approved==0}]]></conditionExpression>
    </sequenceFlow>
    <sequenceFlow id="sid-0996A787-66CB-4709-A736-9BB552A1D74F" sourceRef="autodisp" targetRef="sid-E2419B99-7B2E-4E0B-A7EF-3C74BF89C53F">
      <conditionExpression xsi:type="tFormalExpression"><![CDATA[${disp_type == 3}]]></conditionExpression>
    </sequenceFlow>
    <sequenceFlow id="sid-2B07B9FE-3C7A-4930-8B18-1D3E05410360" sourceRef="autodisp" targetRef="order_manual_disp">
      <conditionExpression xsi:type="tFormalExpression"><![CDATA[${disp_type == 1}]]></conditionExpression>
    </sequenceFlow>
    <sequenceFlow id="sid-44A43C41-163E-4D20-934F-8297650335F9" name="审批通过" sourceRef="sid-9B239DF3-F248-48B8-B5C6-F07C8B6F8E6F" targetRef="order_manual_disp">
      <conditionExpression xsi:type="tFormalExpression"><![CDATA[${approved==1}]]></conditionExpression>
    </sequenceFlow>
    <sequenceFlow id="sid-B2C411B6-3ED9-47AF-AE36-2EEA9E8B4521" sourceRef="sid-29F0C401-1AB0-499B-ACED-7B3BF06D4AC9" targetRef="sid-9B239DF3-F248-48B8-B5C6-F07C8B6F8E6F">
      <conditionExpression xsi:type="tFormalExpression"><![CDATA[${transfer==1}]]></conditionExpression>
    </sequenceFlow>
    <userTask id="order_feedback" name="反馈" activiti:async="true">
      <extensionElements>
        <activiti:taskListener event="create" class="com.tiansu.eam.modules.faultOrder.service.SetParticipantForActivity">
          <activiti:field name="activityName">
            <activiti:string><![CDATA[待反馈]]></activiti:string>
          </activiti:field>
        </activiti:taskListener>
      </extensionElements>
    </userTask>
    <sequenceFlow id="sid-C776DF8B-DFAE-4B45-AE68-D25E5C34BE7C" name="反馈" sourceRef="sid-05AAE1FF-E8B0-4C60-A1FA-3D38714DAAA4" targetRef="order_feedback">
      <conditionExpression xsi:type="tFormalExpression"><![CDATA[${hangup==0}]]></conditionExpression>
    </sequenceFlow>
    <sequenceFlow id="sid-12E6B650-CED0-4789-8653-D9A22FA4E199" sourceRef="order_feedback" targetRef="sid-39DAC04C-11D5-4D94-BADC-C6CE17451570"></sequenceFlow>
  </process>
  <bpmndi:BPMNDiagram id="BPMNDiagram_FaultRepairOrder">
    <bpmndi:BPMNPlane bpmnElement="FaultRepairOrder" id="BPMNPlane_FaultRepairOrder">
      <bpmndi:BPMNShape bpmnElement="sid-2CDC78CB-8ED0-47F3-88C4-BBEA4262AD2B" id="BPMNShape_sid-2CDC78CB-8ED0-47F3-88C4-BBEA4262AD2B">
        <omgdc:Bounds height="30.0" width="30.0" x="225.0" y="145.0"></omgdc:Bounds>
      </bpmndi:BPMNShape>
      <bpmndi:BPMNShape bpmnElement="autodisp" id="BPMNShape_autodisp">
        <omgdc:Bounds height="80.0" width="100.0" x="330.0" y="120.0"></omgdc:Bounds>
      </bpmndi:BPMNShape>
      <bpmndi:BPMNShape bpmnElement="order_manual_disp" id="BPMNShape_order_manual_disp">
        <omgdc:Bounds height="80.0" width="100.0" x="495.0" y="15.0"></omgdc:Bounds>
      </bpmndi:BPMNShape>
      <bpmndi:BPMNShape bpmnElement="sid-29F0C401-1AB0-499B-ACED-7B3BF06D4AC9" id="BPMNShape_sid-29F0C401-1AB0-499B-ACED-7B3BF06D4AC9">
        <omgdc:Bounds height="80.0" width="100.0" x="690.0" y="115.0"></omgdc:Bounds>
      </bpmndi:BPMNShape>
      <bpmndi:BPMNShape bpmnElement="sid-9B239DF3-F248-48B8-B5C6-F07C8B6F8E6F" id="BPMNShape_sid-9B239DF3-F248-48B8-B5C6-F07C8B6F8E6F">
        <omgdc:Bounds height="80.0" width="100.0" x="960.0" y="115.0"></omgdc:Bounds>
      </bpmndi:BPMNShape>
      <bpmndi:BPMNShape bpmnElement="sid-57791743-074F-401E-90D8-A5ECAB879DE8" id="BPMNShape_sid-57791743-074F-401E-90D8-A5ECAB879DE8">
        <omgdc:Bounds height="80.0" width="100.0" x="690.0" y="240.0"></omgdc:Bounds>
      </bpmndi:BPMNShape>
      <bpmndi:BPMNShape bpmnElement="sid-05AAE1FF-E8B0-4C60-A1FA-3D38714DAAA4" id="BPMNShape_sid-05AAE1FF-E8B0-4C60-A1FA-3D38714DAAA4">
        <omgdc:Bounds height="80.0" width="100.0" x="690.0" y="345.0"></omgdc:Bounds>
      </bpmndi:BPMNShape>
      <bpmndi:BPMNShape bpmnElement="sid-BA0421FC-51C1-49A4-9A0A-FF40374E80A3" id="BPMNShape_sid-BA0421FC-51C1-49A4-9A0A-FF40374E80A3">
        <omgdc:Bounds height="80.0" width="100.0" x="885.0" y="345.0"></omgdc:Bounds>
      </bpmndi:BPMNShape>
      <bpmndi:BPMNShape bpmnElement="sid-D73BAEBF-B498-4414-94AB-A1542B8081A0" id="BPMNShape_sid-D73BAEBF-B498-4414-94AB-A1542B8081A0">
        <omgdc:Bounds height="80.0" width="100.0" x="1095.0" y="345.0"></omgdc:Bounds>
      </bpmndi:BPMNShape>
      <bpmndi:BPMNShape bpmnElement="sid-39DAC04C-11D5-4D94-BADC-C6CE17451570" id="BPMNShape_sid-39DAC04C-11D5-4D94-BADC-C6CE17451570">
        <omgdc:Bounds height="80.0" width="100.0" x="555.0" y="495.0"></omgdc:Bounds>
      </bpmndi:BPMNShape>
      <bpmndi:BPMNShape bpmnElement="sid-D65FA819-DF77-4DDE-A149-EC26AFAE3456" id="BPMNShape_sid-D65FA819-DF77-4DDE-A149-EC26AFAE3456">
        <omgdc:Bounds height="80.0" width="100.0" x="405.0" y="495.0"></omgdc:Bounds>
      </bpmndi:BPMNShape>
      <bpmndi:BPMNShape bpmnElement="sid-D4909892-7A01-4EFD-9641-C4BA49114E1D" id="BPMNShape_sid-D4909892-7A01-4EFD-9641-C4BA49114E1D">
        <omgdc:Bounds height="80.0" width="100.0" x="405.0" y="630.0"></omgdc:Bounds>
      </bpmndi:BPMNShape>
      <bpmndi:BPMNShape bpmnElement="sid-69A0EDCA-B29D-4634-AE9C-D9A3FD8210D8" id="BPMNShape_sid-69A0EDCA-B29D-4634-AE9C-D9A3FD8210D8">
        <omgdc:Bounds height="28.0" width="28.0" x="591.0" y="656.0"></omgdc:Bounds>
      </bpmndi:BPMNShape>
      <bpmndi:BPMNShape bpmnElement="sid-EB5C9DAF-5FEA-4F54-B601-82A12B52EF64" id="BPMNShape_sid-EB5C9DAF-5FEA-4F54-B601-82A12B52EF64">
        <omgdc:Bounds height="80.0" width="100.0" x="495.0" y="120.0"></omgdc:Bounds>
      </bpmndi:BPMNShape>
      <bpmndi:BPMNShape bpmnElement="sid-E2419B99-7B2E-4E0B-A7EF-3C74BF89C53F" id="BPMNShape_sid-E2419B99-7B2E-4E0B-A7EF-3C74BF89C53F">
        <omgdc:Bounds height="80.0" width="100.0" x="495.0" y="225.0"></omgdc:Bounds>
      </bpmndi:BPMNShape>
      <bpmndi:BPMNShape bpmnElement="order_feedback" id="BPMNShape_order_feedback">
        <omgdc:Bounds height="80.0" width="100.0" x="555.0" y="345.0"></omgdc:Bounds>
      </bpmndi:BPMNShape>
      <bpmndi:BPMNEdge bpmnElement="sid-2B07B9FE-3C7A-4930-8B18-1D3E05410360" id="BPMNEdge_sid-2B07B9FE-3C7A-4930-8B18-1D3E05410360">
        <omgdi:waypoint x="430.0" y="128.1818181818182"></omgdi:waypoint>
        <omgdi:waypoint x="495.0" y="86.81818181818181"></omgdi:waypoint>
      </bpmndi:BPMNEdge>
      <bpmndi:BPMNEdge bpmnElement="sid-23B7B7EF-2FB0-4019-925B-CAD6CD43D2C2" id="BPMNEdge_sid-23B7B7EF-2FB0-4019-925B-CAD6CD43D2C2">
        <omgdi:waypoint x="655.0" y="535.0"></omgdi:waypoint>
        <omgdi:waypoint x="740.0" y="535.0"></omgdi:waypoint>
        <omgdi:waypoint x="740.0" y="425.0"></omgdi:waypoint>
        <bpmndi:BPMNLabel>
          <omgdc:Bounds height="0.0" width="0.0" x="655.0" y="535.0"></omgdc:Bounds>
        </bpmndi:BPMNLabel>
      </bpmndi:BPMNEdge>
      <bpmndi:BPMNEdge bpmnElement="sid-0996A787-66CB-4709-A736-9BB552A1D74F" id="BPMNEdge_sid-0996A787-66CB-4709-A736-9BB552A1D74F">
        <omgdi:waypoint x="430.0" y="191.8181818181818"></omgdi:waypoint>
        <omgdi:waypoint x="495.0" y="233.1818181818182"></omgdi:waypoint>
      </bpmndi:BPMNEdge>
      <bpmndi:BPMNEdge bpmnElement="sid-CFA243F0-728F-4703-A410-E10D419EF03A" id="BPMNEdge_sid-CFA243F0-728F-4703-A410-E10D419EF03A">
        <omgdi:waypoint x="1010.0" y="195.0"></omgdi:waypoint>
        <omgdi:waypoint x="1010.0" y="280.0"></omgdi:waypoint>
        <omgdi:waypoint x="790.0" y="280.0"></omgdi:waypoint>
        <bpmndi:BPMNLabel>
          <omgdc:Bounds height="0.0" width="0.0" x="1010.0" y="195.0"></omgdc:Bounds>
        </bpmndi:BPMNLabel>
      </bpmndi:BPMNEdge>
      <bpmndi:BPMNEdge bpmnElement="sid-B2C411B6-3ED9-47AF-AE36-2EEA9E8B4521" id="BPMNEdge_sid-B2C411B6-3ED9-47AF-AE36-2EEA9E8B4521">
        <omgdi:waypoint x="790.0" y="155.0"></omgdi:waypoint>
        <omgdi:waypoint x="960.0" y="155.0"></omgdi:waypoint>
      </bpmndi:BPMNEdge>
      <bpmndi:BPMNEdge bpmnElement="sid-4032B5F5-04DF-409C-B236-BC6CF75A6F16" id="BPMNEdge_sid-4032B5F5-04DF-409C-B236-BC6CF75A6F16">
        <omgdi:waypoint x="595.0" y="236.7948717948718"></omgdi:waypoint>
        <omgdi:waypoint x="690.0" y="183.2051282051282"></omgdi:waypoint>
      </bpmndi:BPMNEdge>
      <bpmndi:BPMNEdge bpmnElement="sid-A64A4433-E971-42EA-AE1E-307EFA623A7F" id="BPMNEdge_sid-A64A4433-E971-42EA-AE1E-307EFA623A7F">
        <omgdi:waypoint x="740.0" y="195.0"></omgdi:waypoint>
        <omgdi:waypoint x="740.0" y="240.0"></omgdi:waypoint>
      </bpmndi:BPMNEdge>
      <bpmndi:BPMNEdge bpmnElement="sid-7D0A01EA-3900-4156-87A2-84FA97FC65DE" id="BPMNEdge_sid-7D0A01EA-3900-4156-87A2-84FA97FC65DE">
        <omgdi:waypoint x="555.0" y="535.0"></omgdi:waypoint>
        <omgdi:waypoint x="505.0" y="535.0"></omgdi:waypoint>
        <bpmndi:BPMNLabel>
          <omgdc:Bounds height="0.0" width="0.0" x="555.0" y="535.0"></omgdc:Bounds>
        </bpmndi:BPMNLabel>
      </bpmndi:BPMNEdge>
      <bpmndi:BPMNEdge bpmnElement="sid-6546CD23-EE8F-4912-988E-2FAFCE1F7227" id="BPMNEdge_sid-6546CD23-EE8F-4912-988E-2FAFCE1F7227">
        <omgdi:waypoint x="505.0" y="670.0"></omgdi:waypoint>
        <omgdi:waypoint x="591.0" y="670.0"></omgdi:waypoint>
      </bpmndi:BPMNEdge>
      <bpmndi:BPMNEdge bpmnElement="sid-566A51C8-0863-4548-ADED-D7376A49C3FD" id="BPMNEdge_sid-566A51C8-0863-4548-ADED-D7376A49C3FD">
        <omgdi:waypoint x="790.0" y="385.0"></omgdi:waypoint>
        <omgdi:waypoint x="885.0" y="385.0"></omgdi:waypoint>
        <bpmndi:BPMNLabel>
          <omgdc:Bounds height="0.0" width="0.0" x="790.0" y="385.0"></omgdc:Bounds>
        </bpmndi:BPMNLabel>
      </bpmndi:BPMNEdge>
      <bpmndi:BPMNEdge bpmnElement="sid-C776DF8B-DFAE-4B45-AE68-D25E5C34BE7C" id="BPMNEdge_sid-C776DF8B-DFAE-4B45-AE68-D25E5C34BE7C">
        <omgdi:waypoint x="690.0" y="385.0"></omgdi:waypoint>
        <omgdi:waypoint x="655.0" y="385.0"></omgdi:waypoint>
        <bpmndi:BPMNLabel>
          <omgdc:Bounds height="0.0" width="0.0" x="690.0" y="385.0"></omgdc:Bounds>
        </bpmndi:BPMNLabel>
      </bpmndi:BPMNEdge>
      <bpmndi:BPMNEdge bpmnElement="sid-615DCA39-C6A9-4244-811F-54CBCDA0397E" id="BPMNEdge_sid-615DCA39-C6A9-4244-811F-54CBCDA0397E">
        <omgdi:waypoint x="740.0" y="320.0"></omgdi:waypoint>
        <omgdi:waypoint x="740.0" y="345.0"></omgdi:waypoint>
      </bpmndi:BPMNEdge>
      <bpmndi:BPMNEdge bpmnElement="sid-882523D1-3901-4DA5-9368-F79D4C2BC1B0" id="BPMNEdge_sid-882523D1-3901-4DA5-9368-F79D4C2BC1B0">
        <omgdi:waypoint x="1145.0" y="425.0"></omgdi:waypoint>
        <omgdi:waypoint x="1145.0" y="504.0"></omgdi:waypoint>
        <omgdi:waypoint x="740.0" y="504.0"></omgdi:waypoint>
        <omgdi:waypoint x="740.0" y="425.0"></omgdi:waypoint>
      </bpmndi:BPMNEdge>
      <bpmndi:BPMNEdge bpmnElement="sid-44A43C41-163E-4D20-934F-8297650335F9" id="BPMNEdge_sid-44A43C41-163E-4D20-934F-8297650335F9">
        <omgdi:waypoint x="1010.0" y="115.0"></omgdi:waypoint>
        <omgdi:waypoint x="1010.0" y="55.0"></omgdi:waypoint>
        <omgdi:waypoint x="595.0" y="55.0"></omgdi:waypoint>
        <bpmndi:BPMNLabel>
          <omgdc:Bounds height="0.0" width="0.0" x="1010.0" y="115.0"></omgdc:Bounds>
        </bpmndi:BPMNLabel>
      </bpmndi:BPMNEdge>
      <bpmndi:BPMNEdge bpmnElement="sid-6E0F962E-7D73-4C77-994E-7C545146C94D" id="BPMNEdge_sid-6E0F962E-7D73-4C77-994E-7C545146C94D">
        <omgdi:waypoint x="595.0" y="158.71794871794873"></omgdi:waypoint>
        <omgdi:waypoint x="690.0" y="156.28205128205127"></omgdi:waypoint>
      </bpmndi:BPMNEdge>
      <bpmndi:BPMNEdge bpmnElement="sid-330970F3-0B14-423A-9E6A-524448D942BD" id="BPMNEdge_sid-330970F3-0B14-423A-9E6A-524448D942BD">
        <omgdi:waypoint x="985.0" y="385.0"></omgdi:waypoint>
        <omgdi:waypoint x="1095.0" y="385.0"></omgdi:waypoint>
        <bpmndi:BPMNLabel>
          <omgdc:Bounds height="0.0" width="0.0" x="985.0" y="385.0"></omgdc:Bounds>
        </bpmndi:BPMNLabel>
      </bpmndi:BPMNEdge>
      <bpmndi:BPMNEdge bpmnElement="sid-D12AE479-602A-42FB-841A-63E504929CD4" id="BPMNEdge_sid-D12AE479-602A-42FB-841A-63E504929CD4">
        <omgdi:waypoint x="455.0" y="575.0"></omgdi:waypoint>
        <omgdi:waypoint x="455.0" y="630.0"></omgdi:waypoint>
      </bpmndi:BPMNEdge>
      <bpmndi:BPMNEdge bpmnElement="sid-215DA08B-BD3F-47B8-AE58-7B0720A89F60" id="BPMNEdge_sid-215DA08B-BD3F-47B8-AE58-7B0720A89F60">
        <omgdi:waypoint x="430.0" y="160.0"></omgdi:waypoint>
        <omgdi:waypoint x="495.0" y="160.0"></omgdi:waypoint>
      </bpmndi:BPMNEdge>
      <bpmndi:BPMNEdge bpmnElement="sid-87F131D3-52A9-4BBD-84D8-B33AE0915C1A" id="BPMNEdge_sid-87F131D3-52A9-4BBD-84D8-B33AE0915C1A">
        <omgdi:waypoint x="595.0" y="80.64102564102564"></omgdi:waypoint>
        <omgdi:waypoint x="690.0" y="129.35897435897436"></omgdi:waypoint>
      </bpmndi:BPMNEdge>
      <bpmndi:BPMNEdge bpmnElement="sid-12E6B650-CED0-4789-8653-D9A22FA4E199" id="BPMNEdge_sid-12E6B650-CED0-4789-8653-D9A22FA4E199">
        <omgdi:waypoint x="605.0" y="425.0"></omgdi:waypoint>
        <omgdi:waypoint x="605.0" y="495.0"></omgdi:waypoint>
      </bpmndi:BPMNEdge>
      <bpmndi:BPMNEdge bpmnElement="sid-701A2E32-9E06-4AB4-8C84-28E0CD170AD4" id="BPMNEdge_sid-701A2E32-9E06-4AB4-8C84-28E0CD170AD4">
        <omgdi:waypoint x="255.0" y="160.0"></omgdi:waypoint>
        <omgdi:waypoint x="330.0" y="160.0"></omgdi:waypoint>
      </bpmndi:BPMNEdge>
      <bpmndi:BPMNEdge bpmnElement="sid-3374A528-4DEC-4993-8B13-4453BB910D8F" id="BPMNEdge_sid-3374A528-4DEC-4993-8B13-4453BB910D8F">
        <omgdi:waypoint x="935.0" y="425.0"></omgdi:waypoint>
        <omgdi:waypoint x="935.0" y="502.0"></omgdi:waypoint>
        <omgdi:waypoint x="740.0" y="502.0"></omgdi:waypoint>
        <omgdi:waypoint x="740.0" y="425.0"></omgdi:waypoint>
        <bpmndi:BPMNLabel>
          <omgdc:Bounds height="0.0" width="0.0" x="935.0" y="425.0"></omgdc:Bounds>
        </bpmndi:BPMNLabel>
      </bpmndi:BPMNEdge>
    </bpmndi:BPMNPlane>
  </bpmndi:BPMNDiagram>
</definitions>