<?xml version="1.0" encoding="UTF-8"?>
<definitions xmlns="http://www.omg.org/spec/BPMN/20100524/MODEL" xmlns:xsi="http://www.w3.org/2001/XMLSchema-instance" xmlns:xsd="http://www.w3.org/2001/XMLSchema" xmlns:activiti="http://activiti.org/bpmn" xmlns:bpmndi="http://www.omg.org/spec/BPMN/20100524/DI" xmlns:omgdc="http://www.omg.org/spec/DD/20100524/DC" xmlns:omgdi="http://www.omg.org/spec/DD/20100524/DI" typeLanguage="http://www.w3.org/2001/XMLSchema" expressionLanguage="http://www.w3.org/1999/XPath" targetNamespace="运维标准">
  <process id="operationwork_approval" name="标准工作审批" isExecutable="true">
    <startEvent id="start" name="开始" activiti:formKey="modules/opestandard/operationworkFormAdd"></startEvent>
    <userTask id="operationworkApproval" name="标准工作审批" activiti:async="true" activiti:candidateUsers="emagine,tiger" activiti:formKey="operationwork_approval.bpmn20/operaWorkApproval.jsp">
      <extensionElements>
        <activiti:taskListener event="complete" class="com.tiansu.eam.modules.opestandard.service.ActOperationWorkAfter">
          <activiti:field name="approveReason">
            <activiti:expression><![CDATA[${approveReason}]]></activiti:expression>
          </activiti:field>
          <activiti:field name="pIid">
            <activiti:expression><![CDATA[${pIid}]]></activiti:expression>
          </activiti:field>
          <activiti:field name="deptLeaderApproved">
            <activiti:expression><![CDATA[${deptLeaderApproved}]]></activiti:expression>
          </activiti:field>
        </activiti:taskListener>
      </extensionElements>
    </userTask>
    <endEvent id="end"></endEvent>
    <sequenceFlow id="sid-ED6D01A9-5B84-42C6-AF1F-BFD242AE529A" sourceRef="start" targetRef="operationworkApproval"></sequenceFlow>
    <sequenceFlow id="sid-29D85DCB-A23F-45A7-BD84-2F2940397755" sourceRef="operationworkApproval" targetRef="end"></sequenceFlow>
  </process>
  <bpmndi:BPMNDiagram id="BPMNDiagram_operationwork_approval">
    <bpmndi:BPMNPlane bpmnElement="operationwork_approval" id="BPMNPlane_operationwork_approval">
      <bpmndi:BPMNShape bpmnElement="start" id="BPMNShape_start">
        <omgdc:Bounds height="30.0" width="30.0" x="120.0" y="145.0"></omgdc:Bounds>
      </bpmndi:BPMNShape>
      <bpmndi:BPMNShape bpmnElement="operationworkApproval" id="BPMNShape_operationworkApproval">
        <omgdc:Bounds height="80.0" width="100.0" x="330.0" y="120.0"></omgdc:Bounds>
      </bpmndi:BPMNShape>
      <bpmndi:BPMNShape bpmnElement="end" id="BPMNShape_end">
        <omgdc:Bounds height="28.0" width="28.0" x="705.0" y="150.0"></omgdc:Bounds>
      </bpmndi:BPMNShape>
      <bpmndi:BPMNEdge bpmnElement="sid-29D85DCB-A23F-45A7-BD84-2F2940397755" id="BPMNEdge_sid-29D85DCB-A23F-45A7-BD84-2F2940397755">
        <omgdi:waypoint x="430.0" y="160.58997050147494"></omgdi:waypoint>
        <omgdi:waypoint x="705.0009744807857" y="163.83481975788538"></omgdi:waypoint>
      </bpmndi:BPMNEdge>
      <bpmndi:BPMNEdge bpmnElement="sid-ED6D01A9-5B84-42C6-AF1F-BFD242AE529A" id="BPMNEdge_sid-ED6D01A9-5B84-42C6-AF1F-BFD242AE529A">
        <omgdi:waypoint x="150.0" y="160.0"></omgdi:waypoint>
        <omgdi:waypoint x="330.0" y="160.0"></omgdi:waypoint>
      </bpmndi:BPMNEdge>
    </bpmndi:BPMNPlane>
  </bpmndi:BPMNDiagram>
</definitions>